-- ---------- FACULTIES
INSERT INTO faculty (id, name)
VALUES (1, 'Innere Medizin'),
       (2, 'Chirurgie'),
       (3, 'Pädiatrie'),
       (4, 'Anästhesiologie'),
       (5, 'Notfallmedizin')
ON CONFLICT (id) DO NOTHING;

-- ---------- SKILLS
INSERT INTO skill (id, name, description)
VALUES (1, 'Blut abnehmen', 'Venöse Blutentnahme am Patienten'),
       (2, 'EKG schreiben', 'Anlegen von Elektroden, 12-Kanal-EKG'),
       (3, 'Wundversorgung', 'Reinigung, Desinfektion und Verband'),
       (4, 'Reanimation', 'Basic Life Support nach Leitlinien'),
       (5, 'Intubation', 'Endotracheale Intubation unter Aufsicht'),
       (6, 'Ultraschall Abdomen', 'Sonographie Abdomenorgane'),
       (7, 'Blasenkatheter legen', 'Aseptische Katheterisierung'),
       (8, 'Blutdruck messen', 'Manuelle/automatische Messung'),
       (9, 'Impfung verabreichen', 'i.m. und s.c. Injektionen'),
       (10, 'Nähte legen', 'Nahttechniken in der Wundversorgung'),
       (11, 'Pädiatrische Untersuchung', 'Routine-Check bei Kindern'),
       (12, 'Narkoseeinleitung', 'Einleitung einer Allgemeinanästhesie')
ON CONFLICT (id) DO NOTHING;

-- ---------- Zuordnung SKILL ↔ FACULTY
INSERT INTO skill_faculty (skill_id, faculty_id)
VALUES (1, 1),
       (2, 1),
       (3, 2),
       (4, 5),
       (5, 4),
       (6, 1),
       (7, 2),
       (8, 1),
       (9, 3),
       (10, 2),
       (11, 3),
       (12, 4)
ON CONFLICT DO NOTHING;

-- ---------- STUDENTS (Passwort = "demo")
INSERT INTO student (id, email, name, password)
VALUES (1, 'max.mueller@demo.org', 'Max Müller', '$2a$12$1m6xm./2DSnfkDgHIQVWveW1INeGirT.Nf2QwYUrHCBDF6hyBe/o2'),
       (2, 'sara.schmidt@demo.org', 'Sara Schmidt', '$2a$12$1m6xm./2DSnfkDgHIQVWveW1INeGirT.Nf2QwYUrHCBDF6hyBe/o2'),
       (3, 'leon.meier@demo.org', 'Leon Meier', '$2a$12$1m6xm./2DSnfkDgHIQVWveW1INeGirT.Nf2QwYUrHCBDF6hyBe/o2')
ON CONFLICT (id) DO NOTHING;

-- ---------- PROGRESS

-- Max: Innere/Notfall
INSERT INTO progress (id, student_id, skill_id, note)
VALUES (101, 1, 1, 'erste Versuche im Praktikum (Blut abnehmen)'),
       (102, 1, 2, 'EKG sicher angelegt'),
       (103, 1, 8, 'regelmäßig Blutdruck gemessen'),
       (104, 1, 4, 'BLS im Simulationszentrum wiederholt'),

-- Sara: Chirurgie/Pädiatrie
       (201, 2, 3, 'Wundversorgung nach OP geübt'),
       (202, 2, 10, 'Nahttechniken im Skills Lab'),
       (203, 2, 11, 'Kinderuntersuchung in der Ambulanz'),
       (204, 2, 9, 'Impfungen in der Praxis durchgeführt'),

-- Leon: Anästhesie/Chirurgie/Innere
       (301, 3, 12, 'Narkoseeinleitung mit Anästhesist'),
       (302, 3, 5, 'Intubation unter Aufsicht'),
       (303, 3, 6, 'Abdomen-Sonographie begonnen'),
       (304, 3, 7, 'Blasenkatheterisierung durchgeführt')
ON CONFLICT (id) DO NOTHING;

-- ---------- STATUS_TRANSITIONS
-- Max Müller
INSERT INTO status_transition (id, progress_id, new_status, change_time)
VALUES (1001, 101, 'UNDEFINED', now() - interval '25 days'),
       (1002, 101, 'SEEN', now() - interval '20 days'),
       (1003, 101, 'DONE', now() - interval '12 days'),
       (1004, 101, 'ROUTINE', now() - interval '2 days'),

       (1005, 102, 'UNDEFINED', now() - interval '18 days'),
       (1006, 102, 'SEEN', now() - interval '13 days'),
       (1007, 102, 'ROUTINE', now() - interval '3 days'),

       (1008, 103, 'UNDEFINED', now() - interval '8 days'),
       (1009, 103, 'SEEN', now() - interval '4 days'),

       (1010, 104, 'UNDEFINED', now() - interval '15 days'),
       (1011, 104, 'DONE', now() - interval '7 days'),
       (1012, 104, 'ROUTINE', now() - interval '1 days')
ON CONFLICT (id) DO NOTHING;

-- Sara Schmidt
INSERT INTO status_transition (id, progress_id, new_status, change_time)
VALUES (2001, 201, 'UNDEFINED', now() - interval '16 days'),
       (2002, 201, 'DONE', now() - interval '9 days'),

       (2003, 202, 'UNDEFINED', now() - interval '14 days'),
       (2004, 202, 'SEEN', now() - interval '10 days'),
       (2005, 202, 'DONE', now() - interval '6 days'),

       (2006, 203, 'UNDEFINED', now() - interval '7 days'),
       (2007, 203, 'SEEN', now() - interval '3 days'),

       (2008, 204, 'UNDEFINED', now() - interval '12 days'),
       (2009, 204, 'SEEN', now() - interval '11 days'),
       (2010, 204, 'DONE', now() - interval '5 days'),
       (2011, 204, 'ROUTINE', now() - interval '2 days')
ON CONFLICT (id) DO NOTHING;

-- Leon Meier
INSERT INTO status_transition (id, progress_id, new_status, change_time)
VALUES (3001, 301, 'UNDEFINED', now() - interval '20 days'),
       (3002, 301, 'SEEN', now() - interval '15 days'),

       (3003, 302, 'UNDEFINED', now() - interval '18 days'),
       (3004, 302, 'DONE', now() - interval '9 days'),
       (3005, 302, 'ROUTINE', now() - interval '2 days'),

       (3006, 303, 'UNDEFINED', now() - interval '11 days'),

       (3007, 304, 'UNDEFINED', now() - interval '13 days'),
       (3008, 304, 'SEEN', now() - interval '8 days'),
       (3009, 304, 'DONE', now() - interval '4 days')
ON CONFLICT (id) DO NOTHING;

-- Ergänzung (viele Skills für eine Faculty)
INSERT INTO skill (id, name, description)
VALUES (13, 'Skill 13', 'Viele Daten'),
       (14, 'Skill 14', 'Viele Daten'),
       (15, 'Skill 15', 'Viele Daten'),
       (16, 'Skill 16', 'Viele Daten'),
       (17, 'Skill 17', 'Viele Daten'),
       (18, 'Skill 18', 'Viele Daten'),
       (19, 'Skill 19', 'Viele Daten'),
       (20, 'Skill 20', 'Viele Daten'),
       (21, 'Skill 21', 'Viele Daten'),
       (22, 'Skill 22', 'Viele Daten'),
       (23, 'Skill 23', 'Viele Daten'),
       (24, 'Skill 24', 'Viele Daten'),
       (25, 'Skill 25', 'Viele Daten'),
       (26, 'Skill 26', 'Viele Daten'),
       (27, 'Skill 27', 'Viele Daten'),
       (28, 'Skill 28', 'Viele Daten'),
       (29, 'Skill 29', 'Viele Daten'),
       (30, 'Skill 30', 'Viele Daten'),
       (31, 'Skill 31', 'Viele Daten'),
       (32, 'Skill 32', 'Viele Daten'),
       (33, 'Skill 33', 'Viele Daten'),
       (34, 'Skill 34', 'Viele Daten'),
       (35, 'Skill 35', 'Viele Daten'),
       (36, 'Skill 36', 'Viele Daten'),
       (37, 'Skill 37', 'Viele Daten'),
       (38, 'Skill 38', 'Viele Daten'),
       (39, 'Skill 39', 'Viele Daten'),
       (40, 'Skill 40', 'Viele Daten'),
       (41, 'Skill 41', 'Viele Daten'),
       (42, 'Skill 42', 'Viele Daten'),
       (43, 'Skill 43', 'Viele Daten'),
       (44, 'Skill 44', 'Viele Daten'),
       (45, 'Skill 45', 'Viele Daten'),
       (46, 'Skill 46', 'Viele Daten'),
       (47, 'Skill 47', 'Viele Daten'),
       (48, 'Skill 48', 'Viele Daten'),
       (49, 'Skill 49', 'Viele Daten'),
       (50, 'Skill 50', 'Viele Daten'),
       (51, 'Skill 51', 'Viele Daten'),
       (52, 'Skill 52', 'Viele Daten'),
       (53, 'Skill 53', 'Viele Daten'),
       (54, 'Skill 54', 'Viele Daten'),
       (55, 'Skill 55', 'Viele Daten'),
       (56, 'Skill 56', 'Viele Daten'),
       (57, 'Skill 57', 'Viele Daten'),
       (58, 'Skill 58', 'Viele Daten'),
       (59, 'Skill 59', 'Viele Daten'),
       (60, 'Skill 60', 'Viele Daten'),
       (61, 'Skill 61', 'Viele Daten'),
       (62, 'Skill 62', 'Viele Daten'),
       (63, 'Skill 63', 'Viele Daten'),
       (64, 'Skill 64', 'Viele Daten'),
       (65, 'Skill 65', 'Viele Daten'),
       (66, 'Skill 66', 'Viele Daten'),
       (67, 'Skill 67', 'Viele Daten'),
       (68, 'Skill 68', 'Viele Daten'),
       (69, 'Skill 69', 'Viele Daten'),
       (70, 'Skill 70', 'Viele Daten'),
       (71, 'Skill 71', 'Viele Daten'),
       (72, 'Skill 72', 'Viele Daten'),
       (73, 'Skill 73', 'Viele Daten'),
       (74, 'Skill 74', 'Viele Daten'),
       (75, 'Skill 75', 'Viele Daten'),
       (76, 'Skill 76', 'Viele Daten'),
       (77, 'Skill 77', 'Viele Daten'),
       (78, 'Skill 78', 'Viele Daten'),
       (79, 'Skill 79', 'Viele Daten'),
       (80, 'Skill 80', 'Viele Daten'),
       (81, 'Skill 81', 'Viele Daten'),
       (82, 'Skill 82', 'Viele Daten'),
       (83, 'Skill 83', 'Viele Daten'),
       (84, 'Skill 84', 'Viele Daten'),
       (85, 'Skill 85', 'Viele Daten'),
       (86, 'Skill 86', 'Viele Daten'),
       (87, 'Skill 87', 'Viele Daten'),
       (88, 'Skill 88', 'Viele Daten'),
       (89, 'Skill 89', 'Viele Daten'),
       (90, 'Skill 90', 'Viele Daten'),
       (91, 'Skill 91', 'Viele Daten'),
       (92, 'Skill 92', 'Viele Daten'),
       (93, 'Skill 93', 'Viele Daten'),
       (94, 'Skill 94', 'Viele Daten'),
       (95, 'Skill 95', 'Viele Daten'),
       (96, 'Skill 96', 'Viele Daten'),
       (97, 'Skill 97', 'Viele Daten'),
       (98, 'Skill 98', 'Viele Daten'),
       (99, 'Skill 99', 'Viele Daten'),
       (100, 'Skill 100', 'Viele Daten'),
       (101, 'Skill 101', 'Viele Daten'),
       (102, 'Skill 102', 'Viele Daten'),
       (103, 'Skill 103', 'Viele Daten'),
       (104, 'Skill 104', 'Viele Daten'),
       (105, 'Skill 105', 'Viele Daten'),
       (106, 'Skill 106', 'Viele Daten'),
       (107, 'Skill 107', 'Viele Daten'),
       (108, 'Skill 108', 'Viele Daten'),
       (109, 'Skill 109', 'Viele Daten'),
       (110, 'Skill 110', 'Viele Daten'),
       (111, 'Skill 111', 'Viele Daten'),
       (112, 'Skill 112', 'Viele Daten'),
       (113, 'Skill 113', 'Viele Daten'),
       (114, 'Skill 114', 'Viele Daten'),
       (115, 'Skill 115', 'Viele Daten'),
       (116, 'Skill 116', 'Viele Daten'),
       (117, 'Skill 117', 'Viele Daten'),
       (118, 'Skill 118', 'Viele Daten'),
       (119, 'Skill 119', 'Viele Daten'),
       (120, 'Skill 120', 'Viele Daten'),
       (121, 'Skill 121', 'Viele Daten'),
       (122, 'Skill 122', 'Viele Daten'),
       (123, 'Skill 123', 'Viele Daten'),
       (124, 'Skill 124', 'Viele Daten'),
       (125, 'Skill 125', 'Viele Daten'),
       (126, 'Skill 126', 'Viele Daten'),
       (127, 'Skill 127', 'Viele Daten'),
       (128, 'Skill 128', 'Viele Daten'),
       (129, 'Skill 129', 'Viele Daten'),
       (130, 'Skill 130', 'Viele Daten'),
       (131, 'Skill 131', 'Viele Daten'),
       (132, 'Skill 132', 'Viele Daten'),
       (133, 'Skill 133', 'Viele Daten'),
       (134, 'Skill 134', 'Viele Daten'),
       (135, 'Skill 135', 'Viele Daten'),
       (136, 'Skill 136', 'Viele Daten'),
       (137, 'Skill 137', 'Viele Daten'),
       (138, 'Skill 138', 'Viele Daten'),
       (139, 'Skill 139', 'Viele Daten'),
       (140, 'Skill 140', 'Viele Daten'),
       (141, 'Skill 141', 'Viele Daten'),
       (142, 'Skill 142', 'Viele Daten'),
       (143, 'Skill 143', 'Viele Daten'),
       (144, 'Skill 144', 'Viele Daten'),
       (145, 'Skill 145', 'Viele Daten'),
       (146, 'Skill 146', 'Viele Daten'),
       (147, 'Skill 147', 'Viele Daten'),
       (148, 'Skill 148', 'Viele Daten'),
       (149, 'Skill 149', 'Viele Daten'),
       (150, 'Skill 150', 'Viele Daten'),
       (151, 'Skill 151', 'Viele Daten'),
       (152, 'Skill 152', 'Viele Daten'),
       (153, 'Skill 153', 'Viele Daten'),
       (154, 'Skill 154', 'Viele Daten'),
       (155, 'Skill 155', 'Viele Daten'),
       (156, 'Skill 156', 'Viele Daten'),
       (157, 'Skill 157', 'Viele Daten'),
       (158, 'Skill 158', 'Viele Daten'),
       (159, 'Skill 159', 'Viele Daten'),
       (160, 'Skill 160', 'Viele Daten'),
       (161, 'Skill 161', 'Viele Daten'),
       (162, 'Skill 162', 'Viele Daten'),
       (163, 'Skill 163', 'Viele Daten'),
       (164, 'Skill 164', 'Viele Daten'),
       (165, 'Skill 165', 'Viele Daten'),
       (166, 'Skill 166', 'Viele Daten'),
       (167, 'Skill 167', 'Viele Daten'),
       (168, 'Skill 168', 'Viele Daten'),
       (169, 'Skill 169', 'Viele Daten'),
       (170, 'Skill 170', 'Viele Daten'),
       (171, 'Skill 171', 'Viele Daten'),
       (172, 'Skill 172', 'Viele Daten'),
       (173, 'Skill 173', 'Viele Daten'),
       (174, 'Skill 174', 'Viele Daten'),
       (175, 'Skill 175', 'Viele Daten'),
       (176, 'Skill 176', 'Viele Daten'),
       (177, 'Skill 177', 'Viele Daten'),
       (178, 'Skill 178', 'Viele Daten'),
       (179, 'Skill 179', 'Viele Daten'),
       (180, 'Skill 180', 'Viele Daten'),
       (181, 'Skill 181', 'Viele Daten'),
       (182, 'Skill 182', 'Viele Daten'),
       (183, 'Skill 183', 'Viele Daten'),
       (184, 'Skill 184', 'Viele Daten'),
       (185, 'Skill 185', 'Viele Daten'),
       (186, 'Skill 186', 'Viele Daten'),
       (187, 'Skill 187', 'Viele Daten'),
       (188, 'Skill 188', 'Viele Daten'),
       (189, 'Skill 189', 'Viele Daten'),
       (190, 'Skill 190', 'Viele Daten'),
       (191, 'Skill 191', 'Viele Daten'),
       (192, 'Skill 192', 'Viele Daten'),
       (193, 'Skill 193', 'Viele Daten'),
       (194, 'Skill 194', 'Viele Daten'),
       (195, 'Skill 195', 'Viele Daten'),
       (196, 'Skill 196', 'Viele Daten'),
       (197, 'Skill 197', 'Viele Daten'),
       (198, 'Skill 198', 'Viele Daten'),
       (199, 'Skill 199', 'Viele Daten'),
       (200, 'Skill 200', 'Viele Daten')
ON CONFLICT (id) DO NOTHING;

INSERT INTO faculty (id, name)
VALUES (6, 'Viele Skills')
ON CONFLICT (id) DO NOTHING;

INSERT INTO skill_faculty (skill_id, faculty_id)
VALUES (13, 6),
       (14, 6),
       (15, 6),
       (16, 6),
       (17, 6),
       (18, 6),
       (19, 6),
       (20, 6),
       (21, 6),
       (22, 6),
       (23, 6),
       (24, 6),
       (25, 6),
       (26, 6),
       (27, 6),
       (28, 6),
       (29, 6),
       (30, 6),
       (31, 6),
       (32, 6),
       (33, 6),
       (34, 6),
       (35, 6),
       (36, 6),
       (37, 6),
       (38, 6),
       (39, 6),
       (40, 6),
       (41, 6),
       (42, 6),
       (43, 6),
       (44, 6),
       (45, 6),
       (46, 6),
       (47, 6),
       (48, 6),
       (49, 6),
       (50, 6),
       (51, 6),
       (52, 6),
       (53, 6),
       (54, 6),
       (55, 6),
       (56, 6),
       (57, 6),
       (58, 6),
       (59, 6),
       (60, 6),
       (61, 6),
       (62, 6),
       (63, 6),
       (64, 6),
       (65, 6),
       (66, 6),
       (67, 6),
       (68, 6),
       (69, 6),
       (70, 6),
       (71, 6),
       (72, 6),
       (73, 6),
       (74, 6),
       (75, 6),
       (76, 6),
       (77, 6),
       (78, 6),
       (79, 6),
       (80, 6),
       (81, 6),
       (82, 6),
       (83, 6),
       (84, 6),
       (85, 6),
       (86, 6),
       (87, 6),
       (88, 6),
       (89, 6),
       (90, 6),
       (91, 6),
       (92, 6),
       (93, 6),
       (94, 6),
       (95, 6),
       (96, 6),
       (97, 6),
       (98, 6),
       (99, 6),
       (100, 6),
       (101, 6),
       (102, 6),
       (103, 6),
       (104, 6),
       (105, 6),
       (106, 6),
       (107, 6),
       (108, 6),
       (109, 6),
       (110, 6),
       (111, 6),
       (112, 6),
       (113, 6),
       (114, 6),
       (115, 6),
       (116, 6),
       (117, 6),
       (118, 6),
       (119, 6),
       (120, 6),
       (121, 6),
       (122, 6),
       (123, 6),
       (124, 6),
       (125, 6),
       (126, 6),
       (127, 6),
       (128, 6),
       (129, 6),
       (130, 6),
       (131, 6),
       (132, 6),
       (133, 6),
       (134, 6),
       (135, 6),
       (136, 6),
       (137, 6),
       (138, 6),
       (139, 6),
       (140, 6),
       (141, 6),
       (142, 6),
       (143, 6),
       (144, 6),
       (145, 6),
       (146, 6),
       (147, 6),
       (148, 6),
       (149, 6),
       (150, 6),
       (151, 6),
       (152, 6),
       (153, 6),
       (154, 6),
       (155, 6),
       (156, 6),
       (157, 6),
       (158, 6),
       (159, 6),
       (160, 6),
       (161, 6),
       (162, 6),
       (163, 6),
       (164, 6),
       (165, 6),
       (166, 6),
       (167, 6),
       (168, 6),
       (169, 6),
       (170, 6),
       (171, 6),
       (172, 6),
       (173, 6),
       (174, 6),
       (175, 6),
       (176, 6),
       (177, 6),
       (178, 6),
       (179, 6),
       (180, 6),
       (181, 6),
       (182, 6),
       (183, 6),
       (184, 6),
       (185, 6),
       (186, 6),
       (187, 6),
       (188, 6),
       (189, 6),
       (190, 6),
       (191, 6),
       (192, 6),
       (193, 6),
       (194, 6),
       (195, 6),
       (196, 6),
       (197, 6),
       (198, 6),
       (199, 6),
       (200, 6)
ON CONFLICT DO NOTHING;
